time,open,high,low,close,MA
1999-03-01,51.125,54.1875,48.5,52.46875,
1999-04-01,54,57.28125,48.84375,53.71875,
1999-05-03,53.5625,56,48.9375,52.03125,
1999-06-01,51.9375,59.9375,49.57031,57.625,
1999-07-01,57.8125,61.71875,55.78125,56.59375,
1999-08-02,56.6875,61.75,52.9375,59.6875,
1999-09-01,60.0625,63.75,58.625,60.1875,
1999-10-01,59.375,66.25,57.41406,65.75,
1999-11-01,65.75,78.78125,65.19531,74,59.11805555555556
1999-12-01,74.3125,93.75,73.75,91.375,63.44097222222222
2000-01-03,96.1875,97.625,80,90,67.47222222222223
2000-02-01,89.53125,107.5,88.4375,107,73.57986111111111
2000-03-01,107.25,120.5,101,109.5,79.34375
2000-04-03,107.76562,109.125,63.125,94.5,83.55555555555556
2000-05-01,95.75,96.875,72.25,83,86.14583333333333
2000-06-01,85.1875,99.71875,84,93.1875,89.8125
2000-07-03,93.5,102.0625,85.71875,89.5,92.45138888888889
2000-08-01,89.8125,101.875,83.3125,101.875,95.54861111111111
2000-09-01,103,103.51562,87.5,88.6875,95.25
2000-10-02,90.25,90.25,73.625,81.70312,94.32812444444444
2000-11-01,80.3125,84.125,60.5,62.98437,89.4374988888889
2000-12-01,64.0625,74.78125,54.25,58.375,83.75694333333334
2001-01-02,58.5625,69.125,52.15625,64.3,80.40138777777777
2001-02-01,64.55,65.61,46.86,47.45,76.45138777777778
2001-03-01,46.97,50.66,38,39.14999,70.44722
2001-04-02,39.17,51,33.60001,46.14999,65.63055222222222
2001-05-01,46.2,51.95,44.06,44.73,59.281107777777784
2001-06-01,45.53999,49.49001,41.25999,45.7,54.50471888888889
2001-07-02,45.65199,46.48,39.31,41.75999,50.06659333333333
2001-08-01,42.63699,44.004,35.75,36.63,47.13833
2001-09-04,36.51801,37.5,27.2,28.98,43.872218888888895
2001-10-01,28.85001,37.06,27.85001,33.89999,40.49444
2001-11-01,34.44,40.97,33.782,39.64999,39.62777222222222
2001-12-03,39.28999,43.24001,38.44,38.91,39.60110666666666
2002-01-02,39.57001,42.60001,36.85001,38.50999,38.75221777777778
2002-02-01,38.401,39.17,33.09,33.78,37.53555111111112
2002-03-01,34.15401,39.19,32.74001,36.06,36.46444
2002-04-01,35.8,36.89999,30.56799,31.73,35.34999666666667
2002-05-01,31.67,33.63,23.88,30.03999,34.61777333333334
2002-06-03,30.008,30.25,20.59,26.10001,34.29777444444445
2002-07-01,25.978,26.55,21.64,23.85001,33.181110000000004
2002-08-01,23.74001,26.21001,21.3,23.49001,31.385556666666673
2002-09-03,23.06,24.35001,20.49001,20.72,29.364445555555562
2002-10-01,20.91,25.03999,19.75999,24.55,27.813335555555557
2002-11-01,24.37801,29.7,24.14,27.72,27.14000222222223
2002-12-02,28.42,28.78999,24.28,24.37,25.84111333333334
2003-01-02,24.72,27.47,24.00999,24.44,25.031113333333344
2003-02-03,24.528,25.37,23.32001,25.16,24.488892222222233
2003-03-03,25.27,27.75999,23.53999,25.25,24.39444666666668
2003-04-01,25.44,28.06,25.25,27.45,24.794445555555573
2003-05-01,27.44,29.87,27.19,29.78999,25.494443333333347
2003-06-02,30.08,31.47,28.66,29.95,26.519998888888903
2003-07-01,29.7,32.75,29.25999,31.8,27.32555444444446
2003-08-01,31.69,33.46001,29.92999,33.39,27.955554444444445
2003-09-02,33.49001,34.86,32.35699,32.42,28.84999888888889
2003-10-01,32.61,36,32.42,35.17999,30.043331111111108
2003-11-03,35.42999,36.17999,33.73,35.38,31.178886666666667
2003-12-01,35.71001,36.64,34.13,36.46001,32.42444333333333
2004-01-02,36.66,39,36.22,37.07001,33.49333333333333
2004-02-02,37.2,37.89999,35.89999,36.57001,34.246668888888884
2004-03-01,36.67999,37.17999,34.006,35.84,34.901113333333335
2004-04-01,35.81,37.5,34.72,34.77,35.23111333333333
2004-05-03,35,36.55,34.11,36.55,35.58222444444445
2004-06-01,36.25999,37.89999,35.82001,37.74001,36.173336666666664
2004-07-01,37.66,37.66,33.7,34.89,36.14111555555556
2004-08-02,34.61,35.02,32,34.02,35.990004444444445
2004-09-01,33.92999,35.85001,33.8,35.14,35.843336666666666
2004-10-01,35.45,37.24001,35.2,36.89999,35.824445555555556
2004-11-01,36.98,39.64,36.8,39.12199,36.107998888888886
2004-12-01,39.27,40.67999,37.21001,39.91499,36.56077555555556
2005-01-03,40.08,40.29201,36.46001,37.39999,36.85299666666666
2005-02-01,37.47,38.48,36.69701,37.22,36.92744111111111
2005-03-01,37.37,38.28999,35.94,36.57001,36.79744111111111
2005-04-01,36.82001,37.07001,34.35001,34.98,36.80744111111111
2005-05-02,35.07001,38.27,34.886,38.08,37.25855222222222
2005-06-01,38.03,38.67999,36.7,36.78,37.44077444444444
2005-07-01,36.86,39.92101,36.5498,39.575,37.73799777777778
2005-08-01,39.64,40.14,38.25999,38.98,37.72222111111111
2005-09-01,38.99001,39.91,38.24001,39.46001,37.67166777777777
2005-10-03,39.55,39.88,37.33,38.87,37.835002222222215
2005-11-01,38.75999,42.02,38.71001,41.24001,38.28166999999999
2005-12-01,41.50999,42.31,40.36,40.412,38.70855777777777
2006-01-03,40.64,43.31,40.16,42,39.48855777777777
2006-02-01,41.75999,42.17,40.25999,41.10001,39.82411444444444
2006-03-01,41.22,42.30009,40.19,41.92999,40.39633555555555
2006-04-03,42.14999,43.05,41.39,41.85001,40.64911444444444
2006-05-01,41.92999,42.3,38.23,38.82001,40.63133777777777
2006-06-01,38.91,40,37.16,38.77,40.55467
2006-07-03,38.88,39,35.53999,37.10001,40.35800444444445
2006-08-01,36.78999,39.03,36.25999,38.87,40.09467
2006-09-01,39.07001,40.95,38.3199,40.64999,40.121113333333334
2006-10-02,40.60001,42.92,39.88,42.58,40.18555777777778
2006-11-01,42.73,44.86,41.61,44.03999,40.51222222222222
2006-12-01,44,44.75999,42.88,43.16,40.64889000000001
2007-01-03,43.46001,45.39999,42.52,44.07001,40.89555666666668
2007-02-01,44.27,45.55,42.92999,43.33,41.396666666666675
2007-03-01,42.55,44.45,42.06,43.53,41.92555555555556
2007-04-02,43.67,46.7,43.3,45.96001,42.910000000000004
2007-05-01,45.97,47.52,45.66,47.41,43.85888888888889
2007-06-01,47.58,47.92,46.16,47.60001,44.63111333333333
2007-07-02,47.71001,50.66,47.42999,47.53,45.18111333333334
2007-08-01,47.39,49.06,40.55,48.87,45.717781111111115
2007-09-04,48.92,52.77,47.81,51.41,46.63444777777778
2007-10-01,51.45,55.07001,51.34,55.03,47.852224444444445
2007-11-01,54.67999,54.77,48.64999,51.31,48.73889111111111
2007-12-03,51.14,52.84,49.17999,51.22,49.59333555555556
2008-01-02,51.27,51.47,41.61,45.13,49.501112222222226
2008-02-01,45.52,45.88,42.14999,42.95,49.00555666666667
2008-03-03,42.92999,45.07001,41.05,43.72,48.574444444444445
2008-04-01,44.45,48.06,43.67999,47.21001,48.53889
2008-05-01,47.24001,50.47,47.22,50.00999,48.66555555555556
2008-06-02,49.92,50.61,44.97,45.17,47.97222222222222
2008-07-01,44.86,46.14999,43.3,45.46001,46.90889
2008-08-01,45.52,48.57001,44.3,46.12,46.33222333333333
2008-09-02,46.86,47.08,37.17999,38.91,44.96444555555556
2008-10-01,38.83,38.97,28.09,32.89,43.60444555555555
2008-11-03,32.81,34.00999,25.05,29.12,42.06777888888888
2008-12-01,28.5,30.83,26.84039,29.74001,40.514446666666664
2009-01-02,29.77,31.63,27.96001,29.06,38.49777888888889
2009-02-02,28.77,31.67999,27.39,27.53,36.000002222222214
2009-03-02,27.12,31.46001,25.6301,30.32001,34.35000333333332
2009-04-01,29.94,34.89999,29.78999,34.28,33.10778
2009-05-01,34.28,35.5,32.96001,35.38,31.914446666666663
2009-06-01,35.73,37.23,34.77,36.38,31.633335555555547
2009-07-01,36.53999,40.17999,34.3,39.45,32.362224444444436
2009-08-03,39.85001,41.08,38.46001,40.03,33.57444666666666
2009-09-01,39.87,43.17,39.02,42.25,34.96444555555555
2009-10-01,42.11,43.82001,40.72,40.96001,36.28666888888888
2009-11-02,41.00999,44.64999,40.64,43.56,38.06778
2009-12-01,43.88,46.3,43.32001,45.75,39.78222333333333
2010-01-04,46.32001,46.64,42.63,42.78999,40.727777777777774
2010-02-01,42.91,45.05,42.12,44.75999,41.769998888888885
2010-03-01,44.95,48.60001,44.95,48.16,43.07888777777777
2010-04-01,48.34,50.64999,47.78999,49.2375,44.16638777777777
2010-05-03,49.42999,50.17,41.55,45.60001,44.78527777777777
2010-06-01,45.45,47.67999,42.64,42.71001,44.836389999999994
2010-07-01,42.82001,46.72,41.77,45.81,45.37527777777777
2010-08-02,46.38,47.19,42.97,43.46001,45.36416777777777
2010-09-01,44.10001,49.84,44.07001,49.07001,45.73305777777777
2010-10-01,49.46001,52.49001,48.2,52.17999,46.77639111111111
2010-11-01,52.38,54.0401,50.85001,52.08501,47.590282222222214
2010-12-01,52.87,54.96001,52.84,54.46001,48.29028333333333
2011-01-03,54.959,57.35001,54.92,56,49.04167222222222
2011-02-01,56.4194,59.03999,56.13,57.76891,50.39377222222222
2011-03-01,57.99001,58.36501,53.77,57.42999,52.029325555555545
2011-04-01,57.72,59.28999,55.32001,59.08,53.50376999999999
2011-05-02,59.19,59.34,56.47,58.36,55.15932444444443
2011-06-01,58.22,58.36,53.61501,57.05,56.04598999999999
2011-07-01,57.10001,59.83,56.87,58,56.69265777777777
2011-08-01,58.67,58.82001,49.92999,55.06,57.023212222222206
2011-09-01,55.21001,57.35001,51.91,52.49001,56.80432333333332
2011-10-03,52.03999,59.2,50.095,57.95,57.02099
2011-11-01,56.56,58.98,52.87,56.39,56.867777777777775
2011-12-01,56.37,57.62,54.17,55.83,56.69000111111111
2012-01-03,56.91,60.86,56.56,60.53,56.85111222222221
2012-02-01,60.85001,64.96001,60.66,64.41,57.52333444444443
2012-03-01,64.66,68.50999,63.23,67.55,58.6900011111111
2012-04-02,67.46001,68.55,64.45,66.75999,59.66333333333333
2012-05-01,66.67999,67.63,60.75999,62.06,60.4411111111111
2012-06-01,60.97,64.57001,60.03999,64.16,61.737776666666655
2012-07-02,64.23,65.31,61.86,64.8,62.49888777777777
2012-08-01,65.25,68.88,63.91,68.16,63.80666555555555
2012-09-04,68.03,70.58,67.42,68.57001,65.22222222222223
2012-10-01,68.89999,69.8,64.64999,64.95,65.71333333333332
2012-11-01,65.32001,66.21001,61.31,65.8,65.86777777777777
2012-12-03,66.32001,66.75999,63.58,65.1301,65.5989
2013-01-02,66.69,67.78999,66.17,66.87,65.61112333333332
2013-02-01,67.34,68.25999,65.96001,67.10001,66.17112444444444
2013-03-01,66.86,69.06,66.53999,68.97,66.70556888888888
2013-04-01,69.00999,70.73,66.88,70.72,67.36334666666667
2013-05-01,70.71001,74.95,70.25,73.25,67.92890222222222
2013-06-03,73.31,73.82001,69.14999,71.27,68.22890111111111
2013-07-01,71.75999,76.2099,71.35001,75.77,69.43112333333333
2013-08-01,76.3,77.28,74.96001,75.47,70.50556777777778
2013-09-03,76.10001,79.685,75.53999,78.88,72.03333444444445
2013-10-01,78.87,83.485,76.35001,82.79,73.80222333333334
2013-11-01,83.04,85.84,81.37,85.73,75.87222222222223
2013-12-02,85.83,87.96,84.05,87.96,77.98222222222223
2014-01-02,87.55,89,84.76,86.27,79.71000000000002
2014-02-03,86.14,90.96,83.74,90.34,81.6088888888889
2014-03-03,89.48,91.36,86.4,87.67,83.43111111111114
2014-04-01,88.1,89.68,83.28,87.39,84.72222222222224
2014-05-01,87.53,91.45,85.53,91.31,86.48222222222223
2014-06-02,91.43,94.14,90.64,93.91,88.15222222222224
2014-07-01,94.21,97.51,93.63,95.02,89.51111111111112
2014-08-01,94.83,99.9141,93.885,99.78,91.07222222222224
2014-09-02,100.04,100.5646,97.7,98.79,92.27555555555557
2014-10-01,98.54,101.75,90.24,101.4,93.95666666666668
2014-11-03,101.53,106.245,100.67,106.01,95.69777777777779
2014-12-01,105.72,105.9199,99.92,103.25,97.4288888888889
2015-01-02,103.76,104.58,99.36,101.1,98.95222222222223
2015-02-02,101.33,108.94,99.75,108.4,100.85111111111111
2015-03-02,108.61,109.42,104.24,105.6,102.14999999999999
2015-04-01,105.6,111.16,104.34,107.63,103.5511111111111
2015-05-01,108.05,111.08,105.995,110.05,104.69222222222221
2015-06-01,110.64,111.13,106.64,107.07,105.61222222222221
2015-07-01,108.13,114.39,105.83,111.95,106.78444444444443
2015-08-03,111.97,113,84.74,104.31,106.59555555555555
2015-09-01,101.71,108.725,98.75,101.76,106.42999999999999
2015-10-01,101.94,114.08,100.48,113.33,107.78888888888888
2015-11-02,113.63,115.47,109.48,114.02,108.41333333333333
2015-12-01,114.475,115.75,109.38,111.86,109.10888888888888
2016-01-04,109.43,110.18,97.25,104.13,108.71999999999998
2016-02-01,103.62,104.8,94.84,102.5,107.8811111111111
2016-03-01,103.45,110.04,103.16,109.2,108.11777777777776
2016-04-01,108.58,111.44,104.88,105.72,107.42555555555553
2016-05-02,105.97,110.51,104.4,110.34,108.09555555555555
2016-06-01,110,110.75,101.75,107.54,108.73777777777777
2016-07-01,107.49,115.54,106.57,115.23,108.94888888888887
2016-08-01,115.31,118.0095,114.22,116.44,109.21777777777777
2016-09-01,116.48,119.22,113.63,118.72,109.97999999999999
2016-10-03,118.53,119.66,115.94,116.99,111.40888888888888
2016-11-01,117.19,119.51,113.45,117.5,113.07555555555555
2016-12-01,117.46,121.52,115.22,118.48,114.10666666666664
2017-01-03,119.31,125.9211,118.89,124.57,116.2011111111111
2017-02-01,125.42,130.7,124.86,130.02,118.38777777777779
2017-03-01,130.81,132.74,129.4,132.38,121.14777777777778
2017-04-03,132.48,136.34,130.38,135.99,123.45444444444443
2017-05-01,136.46,141.84,135.87,141.29,126.21555555555557
2017-06-01,141.57,143.9,136.25,137.64,128.31777777777776
2017-07-03,138.25,145.96,135.8,143.23,131.23333333333332
2017-08-01,143.7,146.21,140.18,146.2,134.42222222222222
2017-09-01,146.36,146.59,142.1,145.45,137.4188888888889
2017-10-02,145.67,152.37,144.93,152.15,140.48333333333332
2017-11-01,152.75,156.69,150.77,155.15,143.27555555555557
2017-12-01,154.19,158.77,152.06,155.76,145.87333333333333
2018-01-02,156.5,170.952,156.17,169.4,149.58555555555554
2018-02-01,168.12,170.73,150.125,167.21,152.46555555555557
2018-03-01,167.29,175.21,156.04,160.13,154.96444444444444
2018-04-02,159,167,153.88,160.94,156.9322222222222
2018-05-01,160.52,171.2,159.22,170.07,159.58444444444442
2018-06-01,170.88,177.98,169.17,171.65,162.49555555555554
2018-07-02,170.04,182.93,169.67,176.45,165.19555555555553
2018-08-01,176.87,187.5199,175.79,186.65,168.69555555555553
2018-09-04,186.1,186.49,180.44,185.79,172.03222222222217
2018-10-01,186.82,187.53,160.09,169.82,172.07888888888886
2018-11-01,170.08,175.58,157.13,169.37,172.31888888888886
2018-12-03,173.1,173.31,143.46,154.26,171.66666666666663
2019-01-02,150.99,168.99,149.49,168.16,172.46888888888884
2019-02-01,167.37,174.66,166.57,173.19,172.81555555555553
2019-03-01,174.41,182.83,169.3375,179.66,173.7055555555555
2019-04-01,181.42,191.32,180.77,189.54,175.15999999999997
2019-05-01,190.76,191.32,173.87,173.95,173.74888888888884
2019-06-03,173.52,189.77,169.27,186.74,173.85444444444437
2019-07-01,190.3,195.55,188.38,191.1,176.2188888888888
2019-08-01,191.51,194.98,179.2,187.47,178.2299999999999
2019-09-03,186.26,194.71,185.03,188.81,182.0688888888888
2019-10-01,189.54,197.83,181.82,197.08,185.28222222222215
2019-11-01,197.93,206.05,197.63,205.1,188.8277777777777
2019-12-02,205.11,214.56,199.23,212.61,192.48888888888882
2020-01-02,214.4,225.88,212.24,219.07,195.76999999999995
2020-02-03,220.14,237.47,198.17,205.8,199.30888888888884
2020-03-02,208.88,219.61,164.93,190.4,199.7155555555555
2020-04-01,184.81,220.04,180.86,218.91,202.80555555555551
2020-05-01,214.54,233.6,211.12,233.36,207.9044444444444
2020-06-01,232.4,251.15,231.47,247.6,214.4366666666666
2020-07-01,247.66,269.79,247.0802,265.79,222.07111111111107
2020-08-03,268.05,296.745,264.63,294.88,232.04666666666662
2020-09-01,297.6,303.5,260.11,277.84,239.2944444444444
2020-10-01,281.79,297.46,267.07,269.38,244.88444444444445
2020-11-02,271.73,300.17,266.97,299.62,255.30888888888887
2020-12-01,301.87,314.685,298.09,313.74,269.0133333333333
2021-01-04,315.11,330.32,305.18,314.56,279.6411111111111
2021-02-01,318.11,338.19,310.88,314.14,288.6166666666666
2021-03-01,319.27,324.33,297.45,319.13,296.56444444444446
2021-04-01,323.07,342.8,322.81,337.99,304.58666666666664
2021-05-03,339.23,340,316,333.93,308.92555555555555
2021-06-01,335.3,355.23,328.28,354.43,317.43555555555554
2021-07-01,354.07,368.89,352.04,364.57,328.01222222222225
2021-08-02,366.28,380.76,359.96,379.95,336.9377777777778
2021-09-01,381.04,382.778,357.1,357.96,341.8511111111111
2021-10-01,358.6,386.28,350.32,386.11,349.80111111111114
2021-11-01,386.56,408.71,384.42,393.82,358.65444444444444
2021-12-01,398.28,404.58,377.47,397.85,367.4011111111111
2022-01-03,399.05,402.28,334.15,363.05,370.18555555555554
2022-02-01,364.43,370.1,318.26,346.8,371.61555555555555
2022-03-01,345.75,371.83,317.45,362.54,372.51666666666665
2022-04-01,362.81,369.31,312.6,313.25,366.81444444444446
2022-05-02,312.83,330.29,280.21,308.28,358.8511111111111
2022-06-01,310.47,314.56,269.28,280.28,350.21999999999997
2022-07-01,278.95,316.39,276.7501,315.46,342.36999999999995
2022-08-01,313.65,334.4209,298.44,299.27,331.86444444444436
2022-09-01,296.72,311.08,267.1,267.26,317.35444444444437
2022-10-03,269.07,284.6,254.26,277.95,307.8988888888888
2022-11-01,281.495,293.47,259.08,293.36,301.961111111111
2022-12-01,293.69,296.875,259.73,266.28,291.26555555555547
2023-01-03,268.65,298.26,260.34,294.62,289.1955555555555
2023-02-01,294.41,313.68,290.05,293.56,287.5599999999999
2023-03-01,293.26,321.17,285.19,320.93,292.0766666666666
2023-04-03,318.77,322.65,309.89,322.56,292.8655555555555
2023-05-01,322.09,353.93,315.115,347.99,298.2788888888888
2023-06-01,347.73,372.85,346.66,369.42,309.62999999999994
2023-07-03,370.07,387.98,363.41,383.68,321.37777777777774
2023-08-01,382.31,383.56,354.71,377.99,330.7811111111111
2023-09-01,380.4,380.83,351.36,358.27,341.0022222222222
2023-10-02,358.54,373.74,342.35,350.87,347.2522222222222
2023-11-01,351.72,394.14,351.62,388.83,357.8377777777778
2023-12-01,387.75,412.92,382.66,409.52,367.6811111111111
2024-01-02,405.84,429.85,395.34,416.97,378.1711111111111
2024-02-01,418.79,440.59,417.81,439,388.2833333333333
2024-03-01,439.9,449.34,432.7417,444.01,396.5711111111111
2024-04-01,444.97,447.53,413.07,424.59,401.1166666666667
2024-05-01,423.15,460.58,420.63,450.71,409.19666666666666
2024-06-03,454.57,487.2,447.9,479.11,422.62333333333333
2024-07-01,480.04,503.52,454.15,471.07,435.97888888888883
2024-08-01,471.76,485.54,423.45,476.27,445.69444444444446
2024-09-03,473.2,493.7,448.19,488.07,454.4222222222222
2024-10-01,487.7,501.35,477.4,483.85,461.85333333333335
2024-11-01,485.5,515.58,484.2545,509.74,469.71333333333337
2024-12-02,511.01,539.15,509.29,511.23,477.18222222222226
2025-01-02,514.3,533.82,499.7,522.29,488.0377777777778
2025-02-03,513.47,540.81,496.93,508.17,494.4222222222222
2025-03-03,511.52,513.04,457.33,468.92,493.28999999999996
2025-04-01,467.3,479.56,402.39,475.47,493.7788888888889
2025-05-01,483.41,526.48,476.782,519.11,498.53888888888895
2025-06-02,517.24,552.8,515.97,551.64,505.6022222222222
2025-07-01,549.73,574.63,544.66,565.01,514.62
2025-08-01,558.83,583.3199,551.68,570.4,521.36
2025-09-02,561.31,602.87,559.535,600.37,531.2644444444445
2025-10-01,597.17,637.01,589.05,629.07,543.1288888888889
2025-11-03,635.11,635.82,580.74,619.25,555.4711111111112
2025-12-01,613.63,629.21,600.28,614.31,571.6255555555556
2026-01-02,620.06,636.6,607.05,621.87,587.8922222222222
2026-02-02,618.7,629.98,593.34,607.29,597.69
2026-03-02,598.86,613.29,555.6,577.18,600.5277777777778
2026-04-01,581.48,668.9,571.92,667.74,611.9422222222222
2026-05-01,669.16,741.63,668.8,738.31,630.5988888888888
2026-06-01,737.04,748.65,686.37,736.4,645.7133333333334
2026-07-01,729.19,731.92,661.14,687.99,652.26
2026-08-03,688.3,733.96,685.82,732.07,664.7955555555556